# Plant capacities July 2023 to June 2024, transcribed from the CEB Annual Report 2023/2024. Mauritius: pages 50-51
# ("Plant capacities, units generated and exported"), MW as printed. Rodrigues: page 97, printed in kW and
# converted to MW; its "units generated" column is recorded as units_sent_out_kwh. A Rodrigues station that is
# listed twice (fuel oil and solar) gets a "(solar)" suffix so that every report_name is unique, and "Fuel Oil" is
# recorded as thermal, as for Mauritius. group: CEB-owned, purchased (IPP) or distributed (rooftop schemes).
# region: the island the plant is on. Where each plant sits is in ceb_plant_sites.csv.
report_name,group,technology,installed_capacity_mw,effective_capacity_mw,units_sent_out_kwh,report_page,region
Champagne P/S,CEB,hydro,30.00,28.00,57146206,50,mauritius
Ferney P/S,CEB,hydro,10.00,10.00,42730826,50,mauritius
Tamarind Falls P/S,CEB,hydro,7.30,5.50,13496174,50,mauritius
Le Val P/S,CEB,hydro,4.00,4.00,8866740,50,mauritius
A.I.A P/S (ex Reduit),CEB,hydro,1.20,1.00,1838623,50,mauritius
Cascade Cecile P/S,CEB,hydro,1.00,1.00,3247861,50,mauritius
Magenta P/S,CEB,hydro,1.10,1.00,2524329,50,mauritius
La Ferme P/S,CEB,hydro,1.20,1.00,561852,50,mauritius
La Nicoliere P/S,CEB,hydro,0.35,0.35,938657,50,mauritius
Midlands P/S,CEB,hydro,0.35,0.35,1533135,50,mauritius
2 MW PV Henrietta,CEB,solar,2.06,1.70,2812131,50,mauritius
8 MW PV Henrietta,CEB,solar,9.10,9.10,5385337,50,mauritius
SSDG/MSDG CEB Generation,CEB,solar,7.03,7.03,5205516,50,mauritius
St.Louis P/S,CEB,thermal,110.00,102.70,362094434,50,mauritius
Fort Victoria P/S,CEB,thermal,109.60,103.00,305328202,50,mauritius
Fort George P/S,CEB,thermal,140.00,127.00,699073662,50,mauritius
Nicolay P/S,CEB,thermal,78.40,70.00,8577150,50,mauritius
AEL (ex FUEL),IPP,thermal,36.70,27.00,166334269,50,mauritius
TERRAGEN (ex CTBV),IPP,thermal,71.20,62.00,421795182,50,mauritius
OTEOLB (ex CTSAV),IPP,thermal,90.00,74.00,572740438,50,mauritius
OTEOSA (ex CTDS),IPP,thermal,32.50,30.00,218536691,50,mauritius
Sotravic (Landfill Gas),IPP,thermal,3.45,3.00,11804719,50,mauritius
Sarako,IPP,solar,15.19,15.00,18968944,51,mauritius
Solar Field Ltd,IPP,solar,1.99,1.99,2859951,51,mauritius
Synnove - L'Esperance,IPP,solar,1.95,1.44,754740,51,mauritius
Synnove - Petite Retraite,IPP,solar,1.92,1.44,788450,51,mauritius
Voltas Yellow,IPP,solar,16.33,13.60,22062252,51,mauritius
Voltas Green,IPP,solar,15.05,12.24,20277079,51,mauritius
Green Yellow Arsenal,IPP,solar,13.16,10.00,3751615,51,mauritius
Helios,IPP,solar,10.26,9.00,15476137,51,mauritius
AKUO,IPP,solar,17.53,15.00,18635271,51,mauritius
SPV Petite Riviere,IPP,solar,4.97,4.88,7423136,51,mauritius
EOLE - Plaine des Roches,IPP,wind,9.35,9.35,10949798,51,mauritius
SSDG PV,distributed,solar,14.55,14.55,10895424,51,mauritius
MSDG PV (all schemes),distributed,solar,12.74,12.74,1277910,51,mauritius
Port Mathurin P/S,CEB,thermal,6.000,5.100,8928602,97,rodrigues
Port Mathurin P/S (solar),CEB,solar,0.050,0.050,44729,97,rodrigues
Pointe Monnier P/S,CEB,thermal,6.300,6.300,38130470,97,rodrigues
Pointe Monnier P/S (solar),CEB,solar,0.035,0.035,54393,97,rodrigues
Trefles Wind Farm,CEB,wind,0.120,0.120,135000,97,rodrigues
Grenade Wind Farm,CEB,wind,1.100,1.100,1427800,97,rodrigues
Grenade PV Plant,CEB,solar,1.000,1.000,1029630,97,rodrigues
MSDG Rodrigues,distributed,solar,0.100,0.100,146019,97,rodrigues
SSDG Rodrigues,distributed,solar,0.596,0.596,643395,97,rodrigues
